,Team Name,Candidate's Name,Candidate's Email,Candidate's Mobile,Members,Candidate Type
0,Quasi,Farhan Ramesh,farhanramesh@example.com,9378726098,"farhanramesh@example.com, samarthtella@example.com",
1,Quod facilis,Emir Sankaran,emirsankaran@example.com,7142657970,emirsankaran@example.com,
2,Culque deserunt,Aaryahi Sule,aaryahisule@example.com,5396756934,aaryahisule@example.com,
3,Nesciunt,Riaan Dave,riaandave@example.com,918530403071,"riaandave@example.com, vivaansathe@example.com, daminilall@example.com",
4,Architecto neque,Prerak Sant,preraksant@example.com,6732270572,"preraksant@example.com, siyajayaraman@example.com",
5,Aspernatur harum,Samar Mandal,samarmandal@example.com,3558241866,samarmandal@example.com,
6,Sapiente eius,Riaan Sani,riaansani@example.com,4307050694,riaansani@example.com,
7,Modi,Aaina Doctor,aainadoctor@example.com,4333637794,aainadoctor@example.com,
8,Eveniet ipsa,Uthkarsh Chhabra,uthkarshchhabra@example.com,912706700399,"uthkarshchhabra@example.com, dhanukagarwal@example.com",
9,Quo,Amira Desai,amiradesai@example.com,354371597,"amiradesai@example.com, hunarbhagat@example.com",
10,Iure,Zara Cherian,zaracherian@example.com,915449369251,"zaracherian@example.com, divijsehgal@example.com, sakshammaster@example.com",
11,Saepe perferendis,Kanav Chacko,kanavchacko@example.com,674571534,kanavchacko@example.com,
12,Ullam temporibus,Kiaan Sodhi,kiaansodhi@example.com,2340102766,"kiaansodhi@example.com, taragaba@example.com",
13,Aliquid,Advika Singh,advikasingh@example.com,918196499626,"advikasingh@example.com, zaravasa@example.com, aarnachokshi@example.com",
14,Nesciunt alias,Aarna Kata,aarnakata@example.com,7887641418,"aarnakata@example.com, piyalal@example.com, hazelcherian@example.com",
15,Nihil a,Ivana Chandra,ivanachandra@example.com,914029365757,"ivanachandra@example.com, daminiravel@example.com",
16,Inventore illo,Riya Dayal,riyadayal@example.com,8428318379,"riyadayal@example.com, tanyaroy@example.com",
17,Ipsa,Kabir Buch,kabirbuch@example.com,4600534849,"kabirbuch@example.com, armaanchokshi@example.com",
18,Recusandae fuga,Miraya Rajan,mirayarajan@example.com,910381717236,"mirayarajan@example.com, sahilsood@example.com",
19,Autem blanditiis,Jiya Srivastava,jiyasrivastava@example.com,2139726853,"jiyasrivastava@example.com, vivaankuruvilla@example.com, kanavd’alia@example.com",
20,Aspernatur consectetur,Lavanya Hayre,lavanyahayre@example.com,911508404903,"lavanyahayre@example.com, nehmatsagar@example.com",
21,Ullam,Siya Shukla,siyashukla@example.com,3283538997,"siyashukla@example.com, sanadhingra@example.com",
22,Incidunt,Mishti Mall,mishtimall@example.com,913470163634,"mishtimall@example.com, ojaschauhan@example.com",
23,Mollitia,Vivaan Sinha,vivaansinha@example.com,6813668180,"vivaansinha@example.com, dhanushdayal@example.com, lakshitkumer@example.com",
24,Quo et,Uthkarsh Swaminathan,uthkarshswaminathan@example.com,895524744,"uthkarshswaminathan@example.com, jivinsarin@example.com",
25,Eum corrupti,Yuvraj  Mahal,yuvrajmahal@example.com,4538934671,"yuvrajmahal@example.com, jayeshverma@example.com",
26,Eaque eligendi,Neelofar D’Alia,neelofardalia@example.com,917150559050,"neelofardalia@example.com, samihakakar@example.com, kartikthaman@example.com",
27,Enim sequi,Kartik Khatri,kartikkhatri@example.com,916765567574,kartikkhatri@example.com,
28,Hic minima,Neelofar Shan,neelofarshan@example.com,6875628284,"neelofarshan@example.com, amiramangal@example.com, urvibhargava@example.com",
29,Nesciunt doloribus,Siya Sandal,siyasandal@example.com,1720337951,siyasandal@example.com,
30,Dolorum,Jivika Barad,jivikabarad@example.com,5043802453,"jivikabarad@example.com, aradhyahanda@example.com, alialuthra@example.com",
31,Quibusdam perferendis,Ishita Tandon,ishitatandon@example.com,919448803839,"ishitatandon@example.com, advikahayre@example.com, irakala@example.com",
32,Vel mollitia,Misha Borde,mishaborde@example.com,1777301293,"mishaborde@example.com, zainaratti@example.com",
33,Non,Ivan Butala,ivanbutala@example.com,20086671,"ivanbutala@example.com, aarushdutta@example.com, reyanshlala@example.com",
34,Fuga inventore,Oorja Vasa,oorjavasa@example.com,6874221424,"oorjavasa@example.com, zainabail@example.com, prerakbatta@example.com",
35,Soluta pariatur,Inaaya  Bail,inaayabail@example.com,1091292963,"inaayabail@example.com, alishasaraf@example.com, shaanbains@example.com",
36,Laboriosam laboriosam,Shray Subramaniam,shraysubramaniam@example.com,1991157894,shraysubramaniam@example.com,
37,Id,Amira Deo,amiradeo@example.com,914122039484,"amiradeo@example.com, ahanahora@example.com, indranilchatterjee@example.com",
38,Laboriosam,Shamik Manda,shamikmanda@example.com,6265823534,"shamikmanda@example.com, lakshayraju@example.com, advikdar@example.com",
39,Volestias,Ela Ghose,elaghose@example.com,910602419024,elaghose@example.com,
40,Ipsum ab,Indranil Kumer,indranilkumer@example.com,333558103,indranilkumer@example.com,
41,Qui nostrum,Zara Sura,zarasura@example.com,9602993648,"zarasura@example.com, uthkarshdeol@example.com",
42,Itaque illo,Biju Dutta,bijudutta@example.com,6764043378,bijudutta@example.com,
43,Id necessitatibus,Myra Soman,myrasoman@example.com,764975337,myrasoman@example.com,
44,Iure unde,Darshit Kota,darshitkota@example.com,3331408017,"darshitkota@example.com, arhaanmaster@example.com, ratichad@example.com",
45,Occaecati dolores,Anvi Jhaveri,anvijhaveri@example.com,2358125736,"anvijhaveri@example.com, taradey@example.com, vritikamanne@example.com",
46,Quod,Hansh Ben,hanshben@example.com,918502694149,"hanshben@example.com, veerwadhwa@example.com",
47,Consequatur,Alia Bandi,aliabandi@example.com,1066507907,aliabandi@example.com,
48,Labore soluta,Devansh Yohannan,devanshyohannan@example.com,599620618,"devanshyohannan@example.com, taimurgarg@example.com",
49,Laboriosam aspernatur,Indrajit Dada,indrajitdada@example.com,3613209580,"indrajitdada@example.com, nehmatbassi@example.com, samihakala@example.com",
50,Nulla,Purab Divan,purabdivan@example.com,7720318939,"purabdivan@example.com, piyavasa@example.com, anaysibal@example.com",
51,Nisi minima,Riya Koshy,riyakoshy@example.com,911197134221,riyakoshy@example.com,
52,Ad a,Riaan Bala,riaanbala@example.com,4935175496,"riaanbala@example.com, fatehsama@example.com",
53,Corporis,Umang Ramaswamy,umangramaswamy@example.com,7254844198,"umangramaswamy@example.com, dhanukbhagat@example.com, nitarabrahmbhatt@example.com",
54,Animi,Ela Warrior,elawarrior@example.com,7550287369,"elawarrior@example.com, lakshitcomar@example.com",
55,Similique,Adah Mangal,adahmangal@example.com,7261056546,"adahmangal@example.com, alialalla@example.com",
56,Cupiditate distinctio,Rasha Aggarwal,rashaaggarwal@example.com,3955266262,"rashaaggarwal@example.com, lakshitaggarwal@example.com",
57,Error ad,Diya Dada,diyadada@example.com,1735351614,"diyadada@example.com, rheabora@example.com",
58,Minus quasi,Suhana Talwar,suhanatalwar@example.com,917498170808,"suhanatalwar@example.com, farhanbhatti@example.com, ryansamra@example.com",
59,Volestiae,Diya Sibal,diyasibal@example.com,7419836132,"diyasibal@example.com, advikadyal@example.com",
60,Possimus exercitationem,Tara Sinha,tarasinha@example.com,4236294009,"tarasinha@example.com, jayeshmall@example.com, jivikamallick@example.com",
61,Blanditiis eligendi,Ahana  Mahajan,ahanamahajan@example.com,916530970730,ahanamahajan@example.com,
62,Et,Nakul Swaminathan,nakulswaminathan@example.com,2825376360,"nakulswaminathan@example.com, purabedwin@example.com",
63,Placeat eaque,Kaira Karpe,kairakarpe@example.com,912883974944,kairakarpe@example.com,
64,Saepe praesentium,Tanya Das,tanyadas@example.com,3633313752,"tanyadas@example.com, ratisandhu@example.com",
65,Veniam a,Vardaniya Upadhyay,vardaniyaupadhyay@example.com,368310383,"vardaniyaupadhyay@example.com, kabirdyal@example.com",
66,Libero soluta,Umang De,umangde@example.com,2632201661,"umangde@example.com, samarkar@example.com",
67,Odio praesentium,Ehsaan Rau,ehsaanrau@example.com,5247036335,"ehsaanrau@example.com, yashvichakraborty@example.com",
68,Incidunt libero,Tejas Upadhyay,tejasupadhyay@example.com,6372451250,"tejasupadhyay@example.com, farhansarin@example.com, anyadora@example.com",
69,Volestias qui,Jayan Balakrishnan,jayanbalakrishnan@example.com,946098500,"jayanbalakrishnan@example.com, tiyakannan@example.com",
70,Adipisci eos,Nakul Som,nakulsom@example.com,3720111394,"nakulsom@example.com, yuvaanlanka@example.com",
71,Et libero,Amira Gade,amiragade@example.com,913221779533,amiragade@example.com,
72,Voluptatem,Zara Warrior,zarawarrior@example.com,917964677891,"zarawarrior@example.com, armaanbahri@example.com, mishtimann@example.com",
73,Provident adipisci,Kanav Tailor,kanavtailor@example.com,4878116808,"kanavtailor@example.com, neelofarbarman@example.com, bhavinwadhwa@example.com",
74,Beatae,Saira Tara,sairatara@example.com,4990115864,"sairatara@example.com, nehmatravi@example.com",
75,Eligendi enim,Tushar Krish,tusharkrish@example.com,914793975094,"tusharkrish@example.com, jivikabhat@example.com",
76,Voluptate explicabo,Aarush Rana,aarushrana@example.com,919175168327,aarushrana@example.com,
77,Voluptas soluta,Ehsaan Andra,ehsaanandra@example.com,910976709890,"ehsaanandra@example.com, emirsarraf@example.com",
78,Maxime impedit,Mannat D’Alia,mannatdalia@example.com,5575483692,"mannatdalia@example.com, aayushsawhney@example.com",
79,Pariatur explicabo,Aniruddh Toor,aniruddhtoor@example.com,5632252563,"aniruddhtoor@example.com, indrajitsaini@example.com, arnavdeep@example.com",
80,Culque facere,Nitya Koshy,nityakoshy@example.com,1171986717,"nityakoshy@example.com, tarakota@example.com",
81,Recusandae harum,Lakshit Gill,lakshitgill@example.com,4930511529,"lakshitgill@example.com, elakshichaudhry@example.com",
82,Volestias unde,Advika Majumdar,advikamajumdar@example.com,3541659987,"advikamajumdar@example.com, priyanshbarman@example.com, manikyawagle@example.com",
83,Eaque molestiae,Ahana  Kalita,ahanakalita@example.com,2896483698,ahanakalita@example.com,
84,Laboriosam laborum,Bhamini Loke,bhaminiloke@example.com,9208256908,bhaminiloke@example.com,
85,Quaerat dolores,Tushar Bava,tusharbava@example.com,1174938675,tusharbava@example.com,
86,Laborum,Diya Singh,diyasingh@example.com,915622964592,"diyasingh@example.com, dharmajanmahajan@example.com",
87,Rerum,Abram Sahota,abramsahota@example.com,9478333106,"abramsahota@example.com, fatehkhanna@example.com",
88,Distinctio necessitatibus,Gokul Master,gokulmaster@example.com,949544467,"gokulmaster@example.com, vritikakamdar@example.com, reneevarkey@example.com",
89,Mollitia incidunt,Kaira Thaman,kairathaman@example.com,6061925721,"kairathaman@example.com, mamootymaharaj@example.com, taimurkeer@example.com",
90,Omnis doloremque,Aaryahi Bhargava,aaryahibhargava@example.com,911568575722,"aaryahibhargava@example.com, zaindutta@example.com",
91,Consequuntur corporis,Saira Sharma,sairasharma@example.com,918518779124,"sairasharma@example.com, amirasidhu@example.com",
92,Facere,Hansh Bali,hanshbali@example.com,722214485,hanshbali@example.com,
93,Laborum voluptatum,Pranay Bail,pranaybail@example.com,2089623100,"pranaybail@example.com, aayushsha@example.com",
94,Repudiandae perferendis,Drishya Sabharwal,drishyasabharwal@example.com,2595108434,drishyasabharwal@example.com,
95,In eveniet,Tushar Ganguly,tusharganguly@example.com,4953441391,tusharganguly@example.com,
96,Fugit quam,Ayesha Sood,ayeshasood@example.com,3027610142,ayeshasood@example.com,
97,Vitae iusto,Sumer Mann,sumermann@example.com,7909575248,sumermann@example.com,
98,Reprehenderit necessitatibus,Baiju Chaudhuri,baijuchaudhuri@example.com,2095962885,"baijuchaudhuri@example.com, paridugal@example.com, ishaanaggarwal@example.com",
99,Incidunt alias,Ritvik Dalal,ritvikdalal@example.com,8926593501,ritvikdalal@example.com,
100,Adipisci accusamus,Anya Gola,anyagola@example.com,9077133972,"anyagola@example.com, ahanadixit@example.com",
101,Architecto,Yuvraj  Handa,yuvrajhanda@example.com,915749868321,yuvrajhanda@example.com,
102,Illum aliquam,Aarush Arora,aarusharora@example.com,5374205510,"aarusharora@example.com, yasminvarty@example.com",
103,Laudantium a,Dishani Bakshi,dishanibakshi@example.com,4301911647,"dishanibakshi@example.com, raunakvarughese@example.com, krishkarnik@example.com",
104,Aut minima,Hunar Kothari,hunarkothari@example.com,7606541224,hunarkothari@example.com,
105,Culpa eveniet,Sara Bhat,sarabhat@example.com,1778474883,"sarabhat@example.com, anyaranganathan@example.com, inaayamammen@example.com",
106,Ipsa numquam,Lakshit Kala,lakshitkala@example.com,4410940172,"lakshitkala@example.com, bijucherian@example.com",
107,Illum necessitatibus,Hrishita Jani,hrishitajani@example.com,910836705358,"hrishitajani@example.com, stuvangupta@example.com, romilrama@example.com",
108,Laboriosam accusantium,Manjari Sur,manjarisur@example.com,910309828699,manjarisur@example.com,
109,Exercitationem,Tanya Apte,tanyaapte@example.com,912042445120,tanyaapte@example.com,
110,Error,Indranil Shroff,indranilshroff@example.com,6258093746,"indranilshroff@example.com, indranschaudhary@example.com",
111,Amet doloribus,Yuvaan Sundaram,yuvaansundaram@example.com,916430691289,"yuvaansundaram@example.com, tiyadhillon@example.com",
112,Eum voluptate,Anaya Karpe,anayakarpe@example.com,9770233127,"anayakarpe@example.com, siyachakrabarti@example.com",
113,Maxime,Keya Chanda,keyachanda@example.com,913827983751,keyachanda@example.com,
114,Ea mollitia,Ahana  Venkatesh,ahanavenkatesh@example.com,5384753072,ahanavenkatesh@example.com,
115,Minima nostrum,Mishti Gola,mishtigola@example.com,5372173703,mishtigola@example.com,
116,Aut,Suhana Brahmbhatt,suhanabrahmbhatt@example.com,3486613428,suhanabrahmbhatt@example.com,
117,Esse tenetur,Priyansh Bail,priyanshbail@example.com,114642090,priyanshbail@example.com,
118,Quis quaerat,Ranbir Dhawan,ranbirdhawan@example.com,9705686670,"ranbirdhawan@example.com, fatehsastry@example.com, nayantaradave@example.com",
119,Ea,Vaibhav Gara,vaibhavgara@example.com,3484475187,"vaibhavgara@example.com, aaravtoor@example.com",
120,Quasi sit,Rati Cheema,raticheema@example.com,919853121398,raticheema@example.com,
121,Inventore aut,Fateh Date,fatehdate@example.com,9539537921,"fatehdate@example.com, aliasankar@example.com",
122,Temporibus,Shray Jaggi,shrayjaggi@example.com,918786952043,"shrayjaggi@example.com, hridaanwarrior@example.com, ahanachaudhari@example.com",
123,Ab quasi,Ritvik Kaur,ritvikkaur@example.com,3940885478,"ritvikkaur@example.com, drishyajohal@example.com",
124,A natus,Samiha Amble,samihaamble@example.com,918066106332,samihaamble@example.com,
125,Ad eum,Trisha Keer,trishakeer@example.com,9717954864,"trishakeer@example.com, drishyadixit@example.com, adviktrivedi@example.com",
126,Necessitatibus omnis,Prerak Sachdeva,preraksachdeva@example.com,1946988095,"preraksachdeva@example.com, tejaskannan@example.com, ayeshalad@example.com",
127,Deserunt,Indrajit Desai,indrajitdesai@example.com,915719983932,indrajitdesai@example.com,
128,Minus mollitia,Elakshi Karpe,elakshikarpe@example.com,5573995171,"elakshikarpe@example.com, devanshrama@example.com",
129,Voluptatibus,Kabir Chada,kabirchada@example.com,910873216500,"kabirchada@example.com, yuvrajdara@example.com",
130,Magnam id,Ishaan Iyengar,ishaaniyengar@example.com,917629600419,"ishaaniyengar@example.com, kavyaraval@example.com",
131,Facilis facilis,Mahika Kadakia,mahikakadakia@example.com,917889878038,mahikakadakia@example.com,
132,Quis,Ela Chaudry,elachaudry@example.com,2599283146,elachaudry@example.com,
133,Tempora quod,Tushar Chaudhari,tusharchaudhari@example.com,3123788242,"tusharchaudhari@example.com, reneelanka@example.com, indranildass@example.com",
134,Consequuntur incidunt,Nehmat Sawhney,nehmatsawhney@example.com,917474056852,"nehmatsawhney@example.com, parinaazdugar@example.com, amanikar@example.com",
135,Quisquam,Jhanvi Choudhury,jhanvichoudhury@example.com,2453845926,jhanvichoudhury@example.com,
136,Dolores dolores,Emir Vyas,emirvyas@example.com,6324050813,"emirvyas@example.com, dhanukkorpal@example.com, ojaskale@example.com",
137,Atque,Akarsh Din,akarshdin@example.com,6904501084,"akarshdin@example.com, sakshamdate@example.com",
138,Ab eius,Aaryahi Gara,aaryahigara@example.com,9207423064,"aaryahigara@example.com, shlokvarughese@example.com, krishmadan@example.com",
139,Harum corrupti,Anaya Ratti,anayaratti@example.com,919080297730,"anayaratti@example.com, sanamajumdar@example.com, aniruddhbava@example.com",
140,Repudiandae,Tarini Karan,tarinikaran@example.com,6449838116,"tarinikaran@example.com, anahichandran@example.com, divyanshdugal@example.com",
141,Quae delectus,Yakshit Sarna,yakshitsarna@example.com,919626300878,"yakshitsarna@example.com, anyabhatnagar@example.com, nirvibuch@example.com",
142,Unde,Ivana Dhillon,ivanadhillon@example.com,8235233523,"ivanadhillon@example.com, riyathakur@example.com",
143,Sint consectetur,Anahita Shetty,anahitashetty@example.com,8892115993,"anahitashetty@example.com, zaindani@example.com, kashvitandon@example.com",
144,Ipsam enim,Indranil Bhasin,indranilbhasin@example.com,3093665172,"indranilbhasin@example.com, advikabhardwaj@example.com",
145,Tempore,Keya Rattan,keyarattan@example.com,915127852121,keyarattan@example.com,
146,Nihil,Neelofar Bhavsar,neelofarbhavsar@example.com,6292098712,"neelofarbhavsar@example.com, shanayaiyengar@example.com",
147,Laboriosam vel,Divyansh Tiwari,divyanshtiwari@example.com,4371152331,"divyanshtiwari@example.com, arhaanraju@example.com, nirvaanvohra@example.com",
148,Officiis quaerat,Shaan Subramaniam,shaansubramaniam@example.com,2860305971,"shaansubramaniam@example.com, dishanibabu@example.com",
149,Rerum repudiandae,Tushar Chaudhari,tusharchaudhari@example.com,2752979965,tusharchaudhari@example.com,
150,Numquam,Urvi Apte,urviapte@example.com,7323415510,"urviapte@example.com, arnavbedi@example.com",
151,Occaecati rerum,Farhan Varma,farhanvarma@example.com,3430854416,"farhanvarma@example.com, mohanlalbhalla@example.com",
152,Fugit,Anay D’Alia,anaydalia@example.com,215064612,anaydalia@example.com,
153,Dolorum beatae,Lagan Doctor,lagandoctor@example.com,6790467347,"lagandoctor@example.com, anaysarin@example.com, romilrege@example.com",
154,Mollitia officia,Saanvi Balan,saanvibalan@example.com,914400580475,"saanvibalan@example.com, zaramaharaj@example.com, aarushborah@example.com",
155,Facilis,Tanya Rout,tanyarout@example.com,4133189216,"tanyarout@example.com, keyagoswami@example.com",
156,Iure dolore,Keya Chaudhari,keyachaudhari@example.com,5874814825,"keyachaudhari@example.com, nitarakumar@example.com",
157,Voluptatem illum,Neelofar Dugar,neelofardugar@example.com,9058597207,"neelofardugar@example.com, urvideshpande@example.com",
158,Impedit nobis,Divyansh Venkataraman,divyanshvenkataraman@example.com,912619396215,"divyanshvenkataraman@example.com, divijbhatt@example.com, hazelchatterjee@example.com",
159,Quia,Anahi Ahuja,anahiahuja@example.com,5839334973,"anahiahuja@example.com, ryansule@example.com, zarawali@example.com",
160,Sed,Dhanush Sethi,dhanushsethi@example.com,918173423765,dhanushsethi@example.com,
161,Porro earum,Anika Dani,anikadani@example.com,8389476791,"anikadani@example.com, yuvaanhans@example.com, reyanshbhatti@example.com",
162,Quam,Drishya Ram,drishyaram@example.com,916772011569,"drishyaram@example.com, baijutripathi@example.com",
163,Ea illum,Tara Ramachandran,tararamachandran@example.com,5194068516,"tararamachandran@example.com, ojasagrawal@example.com",
164,Aliquam,Zain Karan,zainkaran@example.com,94401773,"zainkaran@example.com, adahmalhotra@example.com",
165,Dolores eum,Shayak Baria,shayakbaria@example.com,5707628016,shayakbaria@example.com,
166,Maxime laboriosam,Charvi Bhatti,charvibhatti@example.com,9714008896,charvibhatti@example.com,
167,Quia eaque,Tiya Krishnamurthy,tiyakrishnamurthy@example.com,8421266071,,team leader
168,Ab eius,Krish Madan,krishmadan@example.com,4823927726,,team member
169,Ab eius,Shlok Varughese,shlokvarughese@example.com,2196306734,,team member
170,Ab eius,Aaryahi Gara,aaryahigara@example.com,9207423064,,team leader
171,Illo impedit,Ahana  Gokhale,ahanagokhale@example.com,5318661231,,team leader
172,Ex sapiente,Anahi Varghese,anahivarghese@example.com,912336154745,,team leader
173,Labore aliquid,Eshani Kunda,eshanikunda@example.com,8716251234,,team leader
174,Cupiditate accusamus,Ivana Baria,ivanabaria@example.com,7951352026,,team leader
175,Distinctio fugit,Zeeshan Shetty,zeeshanshetty@example.com,9450753210,,team leader
176,Repellendus at,Ira Baral,irabaral@example.com,916378372357,,team leader
177,Repellendus at,Reyansh Grewal,reyanshgrewal@example.com,913527441263,,team member
178,Aperiam eaque,Shalv Chakraborty,shalvchakraborty@example.com,6839250990,,team leader
179,Velit quae,Tanya Chawla,tanyachawla@example.com,5756579507,,team leader
180,Totam quos,Arnav Saraf,arnavsaraf@example.com,8294195498,,team leader
181,Doloremque voluptas,Ayesha Barman,ayeshabarman@example.com,5976726424,,team leader
182,Consequuntur corporis,Amira Sidhu,amirasidhu@example.com,917097859778,,team member
183,Consequuntur corporis,Saira Sharma,sairasharma@example.com,918518779124,,team leader
184,Vero nobis,Kiara Tata,kiaratata@example.com,2706296979,,team leader
185,Ea possimus,Mohanlal Bhandari,mohanlalbhandari@example.com,5415737328,,team leader
186,Provident sint,Tarini Comar,tarinicomar@example.com,346861169,,team leader
187,Rem adipisci,Urvi Ben,urviben@example.com,6364759102,,team leader
188,Doloremque nostrum,Shayak Chanda,shayakchanda@example.com,3059126052,,team leader
189,Soluta iusto,Anay Anne,anayanne@example.com,3870317061,,team leader
190,Numquam dolor,Prerak Salvi,preraksalvi@example.com,919945147871,,team leader
191,Quidem,Ryan Gera,ryangera@example.com,4729572722,,team leader
192,Possimus aliquam,Fateh Tandon,fatehtandon@example.com,689379580,,team leader
193,Doloribus,Krish Bose,krishbose@example.com,2949001007,,team member
194,Doloribus,Tanya Trivedi,tanyatrivedi@example.com,3559235557,,team member
195,Doloribus,Sahil Subramaniam,sahilsubramaniam@example.com,916396796032,,team leader
196,Impedit aliquam,Dhanuk Hayer,dhanukhayer@example.com,911974186460,,team leader
197,Maxime quos,Aniruddh Chander,aniruddhchander@example.com,7924270076,,team leader
198,Maxime quos,Yuvraj  Bali,yuvrajbali@example.com,910807677717,,team member
199,Maxime quos,Lavanya Kanda,lavanyakanda@example.com,5532138176,,team member
200,Nam deleniti,Hazel Mane,hazelmane@example.com,9865906390,,team leader
201,Voluptates error,Anya Mane,anyamane@example.com,3649241486,,team leader
202,Autem,Pranay Yogi,pranayyogi@example.com,914611162072,,team leader
203,Exercitationem accusamus,Ira Borde,iraborde@example.com,8879823635,,team leader
204,Dignissimos amet,Arhaan Tandon,arhaantandon@example.com,65557455,,team leader
205,Dignissimos amet,Arhaan Bose,arhaanbose@example.com,4507988808,,team member
206,Nesciunt necessitatibus,Samarth Sibal,samarthsibal@example.com,1244251576,,team leader
207,Quaerat quos,Ritvik Walia,ritvikwalia@example.com,917233372529,,team leader
208,Ducimus fugit,Jayant Shan,jayantshan@example.com,915274595604,,team leader
209,Culpa eos,Vedika Swamy,vedikaswamy@example.com,5272516645,,team leader
210,Distinctio asperiores,Raghav Raju,raghavraju@example.com,911966210587,,team leader
211,Cul dignissimos,Rhea Reddy,rheareddy@example.com,910111625776,,team leader
212,Dicta,Zoya Swaminathan,zoyaswaminathan@example.com,917418534301,,team leader
213,Possimus enim,Kimaya Hayer,kimayahayer@example.com,7675223620,,team leader
214,Iure vitae,Dhruv Lad,dhruvlad@example.com,919186563057,,team leader
215,Quibusdam illum,Ishaan Toor,ishaantoor@example.com,917870667173,,team leader
216,Saepe esse,Rati Subramanian,ratisubramanian@example.com,4181398738,,team leader
217,Ut,Elakshi Grewal,elakshigrewal@example.com,917011441469,,team leader
218,Itaque quidem,Emir Grover,emirgrover@example.com,4227056161,,team leader
219,Ratione sint,Jhanvi Joshi,jhanvijoshi@example.com,919904006736,,team leader
220,Amet incidunt,Ritvik Amble,ritvikamble@example.com,9963146026,,team member
221,Amet incidunt,Vidur Mandal,vidurmandal@example.com,5713506290,,team leader
222,Amet incidunt,Ishaan Mani,ishaanmani@example.com,3100323094,,team member
223,Eaque similique,Heer Lanka,heerlanka@example.com,85011221,,team leader
224,Unde porro,Mehul Venkataraman,mehulvenkataraman@example.com,913854164357,,team member
225,Unde porro,Bhavin Chaudhari,bhavinchaudhari@example.com,7326016811,,team member
226,Unde porro,Divit Majumdar,divitmajumdar@example.com,913558432334,,team leader
227,Error perspiciatis,Seher Wali,seherwali@example.com,919120827482,,team leader
228,Inventore,Alisha Walia,alishawalia@example.com,3749003492,,team leader
229,Inventore,Madhav Ratta,madhavratta@example.com,918238157337,,team member
230,Mollitia unde,Purab Tailor,purabtailor@example.com,4331718106,,team leader
231,Mollitia unde,Vedika Sha,vedikasha@example.com,916880598698,,team member
232,Fuga voluptas,Anahita Ramachandran,anahitaramachandran@example.com,912412274229,,team leader
233,Quidem dolore,Yuvraj  Apte,yuvrajapte@example.com,7150285555,,team leader
234,Veniam distinctio,Vedika Borde,vedikaborde@example.com,915131535796,,team leader
235,Perferendis quia,Misha Majumdar,mishamajumdar@example.com,910632445985,,team leader
236,Volestias ad,Indrajit Sridhar,indrajitsridhar@example.com,911632816343,,team leader
237,A culque,Zara Grewal,zaragrewal@example.com,1163093259,,team leader
238,Aspernatur eaque,Stuvan Solanki,stuvansolanki@example.com,4340497264,,team member
239,Aspernatur eaque,Zeeshan Dalal,zeeshandalal@example.com,5618613191,,team leader
240,Aspernatur eaque,Kabir Bakshi,kabirbakshi@example.com,914724113859,,team member
241,Nam earum,Ayesha Mahal,ayeshamahal@example.com,911307895716,,team leader
242,Quis voluptate,Kashvi Kala,kashvikala@example.com,7650015512,,team leader
243,Sint eveniet,Biju Dada,bijudada@example.com,3206760019,,team leader
244,Ullam quaerat,Ishaan Sidhu,ishaansidhu@example.com,911020496734,,team leader
245,Unde voluptates,Pari Lall,parilall@example.com,912582322709,,team leader
246,Est unde,Ranbir Tata,ranbirtata@example.com,7819401491,,team leader
247,Aliquid maiores,Krish Ganesh,krishganesh@example.com,5241954524,,team leader
248,Illo culpa,Divij Dalal,divijdalal@example.com,8057582205,,team leader
249,Quibusdam quibusdam,Krish Master,krishmaster@example.com,915336803329,,team leader
250,Magnam aut,Sahil Rama,sahilrama@example.com,4742940547,,team leader
251,Dicta quaerat,Zoya Bassi,zoyabassi@example.com,913188983610,,team leader
252,Quae exercitationem,Jayant Dhillon,jayantdhillon@example.com,7976527791,,team leader
253,Sint earum,Shray Dhillon,shraydhillon@example.com,2660588338,,team leader
254,Recusandae eaque,Sara Chaudhary,sarachaudhary@example.com,919264505465,,team leader
255,Fugiat dignissimos,Rhea Srinivas,rheasrinivas@example.com,878999037,,team leader
256,Iure eum,Divyansh Deo,divyanshdeo@example.com,4378398784,,team leader
257,Sapiente eveniet,Jayesh Jani,jayeshjani@example.com,917509276360,,team leader
258,Sunt perferendis,Ishita Mani,ishitamani@example.com,915305823821,,team leader
259,Reiciendis hic,Gokul Bhalla,gokulbhalla@example.com,914245666816,,team leader
260,Eligendi,Mannat Ratta,mannatratta@example.com,8223359188,,team leader
261,Ducimus inventore,Zaina Rout,zainarout@example.com,3343807270,,team leader
262,Quia laboriosam,Urvi Dayal,urvidayal@example.com,913517465084,,team leader
263,Sequi perferendis,Seher Rajan,seherrajan@example.com,6156709871,,team leader
264,Minus quos,Indrajit Madan,indrajitmadan@example.com,1121200558,,team leader
265,Neque tenetur,Mishti Tandon,mishtitandon@example.com,918017009016,,team leader
266,Iste quisquam,Saira Wali,sairawali@example.com,7963801451,,team leader
267,Doloremque ut,Bhavin Bala,bhavinbala@example.com,5921133674,,team leader
268,Hic nulla,Nirvi Goswami,nirvigoswami@example.com,908778388,,team leader
